INSERT INTO ApplyStatuses VALUES ('Pending');
INSERT INTO ApplyStatuses VALUES ('Accepted');
INSERT INTO ApplyStatuses VALUES ('Rejected');

INSERT INTO Years VALUES ('Freshman');
INSERT INTO Years VALUES ('Sophomore');
INSERT INTO Years VALUES ('Junior');
INSERT INTO Years VALUES ('Senior');

INSERT INTO Departments VALUES ('Business');
INSERT INTO Departments VALUES ('Computing');
INSERT INTO Departments VALUES ('Design');
INSERT INTO Departments VALUES ('Engineering');
INSERT INTO Departments VALUES ('Liberal Arts');
INSERT INTO Departments VALUES ('Sciences');

INSERT INTO Majors VALUES ('Computational Media', 'Computing');
INSERT INTO Majors VALUES ('Computer Science', 'Computing');
INSERT INTO Majors VALUES ('Architecture', 'Design');
INSERT INTO Majors VALUES ('Industrial Design', 'Design');
INSERT INTO Majors VALUES ('Music Technology', 'Design');
INSERT INTO Majors VALUES ('Aerospace Engineering', 'Engineering');
INSERT INTO Majors VALUES ('Biomedical Engineering', 'Engineering');
INSERT INTO Majors VALUES ('Chemical and Biomolecular Engineering', 'Engineering');
INSERT INTO Majors VALUES ('Civil Engineering', 'Engineering');
INSERT INTO Majors VALUES ('Computer Engineering', 'Engineering');
INSERT INTO Majors VALUES ('Electrical Engineering', 'Engineering');
INSERT INTO Majors VALUES ('Environmental Engineering', 'Engineering');
INSERT INTO Majors VALUES ('Industrial Engineering', 'Engineering');
INSERT INTO Majors VALUES ('Materials Science and Engineering', 'Engineering');
INSERT INTO Majors VALUES ('Mechanical Engineering', 'Engineering');
INSERT INTO Majors VALUES ('Nuclear and Radiological Engineering', 'Engineering');
INSERT INTO Majors VALUES ('Applied Mathematics', 'Sciences');
INSERT INTO Majors VALUES ('Applied Physics', 'Sciences');
INSERT INTO Majors VALUES ('Biochemistry', 'Sciences');
INSERT INTO Majors VALUES ('Biology', 'Sciences');
INSERT INTO Majors VALUES ('Chemistry', 'Sciences');
INSERT INTO Majors VALUES ('Discrete Mathematics', 'Sciences');
INSERT INTO Majors VALUES ('Earth and Atmospheric Sciences', 'Sciences');
INSERT INTO Majors VALUES ('Physics', 'Sciences');
INSERT INTO Majors VALUES ('Psychology', 'Sciences');
INSERT INTO Majors VALUES ('Applied Language and Intercultural Studies', 'Liberal Arts');
INSERT INTO Majors VALUES ('Economics', 'Liberal Arts');
INSERT INTO Majors VALUES ('Economics and International Affairs', 'Liberal Arts');
INSERT INTO Majors VALUES ('Global Economics and Modern Languages', 'Liberal Arts');
INSERT INTO Majors VALUES ('History, Technology, and Society', 'Liberal Arts');
INSERT INTO Majors VALUES ('International Affairs', 'Liberal Arts');
INSERT INTO Majors VALUES ('International Affairs and Modern Languages', 'Liberal Arts');
INSERT INTO Majors VALUES ('Literature, Media, and Communication', 'Liberal Arts');
INSERT INTO Majors VALUES ('Public Policy', 'Liberal Arts');
INSERT INTO Majors VALUES ('Business Administration', 'Business');

INSERT INTO Designations VALUES ('Sustainable Communities');
INSERT INTO Designations VALUES ('Community');

INSERT INTO Categories VALUES ('computing for good');
INSERT INTO Categories VALUES ('doing good for your neighborhood');
INSERT INTO Categories VALUES ('reciprocal teaching and learning');
INSERT INTO Categories VALUES ('urban development');
INSERT INTO Categories VALUES ('adaptive learning');
INSERT INTO Categories VALUES ('technology for social good');
INSERT INTO Categories VALUES ('sustainable communities');
INSERT INTO Categories VALUES ('crowd-sourced');
INSERT INTO Categories VALUES ('collaborative action');

INSERT INTO Courses VALUES ('ARCH 4803', 'Green Infrastructure: EPA Campus Rainwater Challenge', 'Richard Dagenhart', 26, 'Sustainable Communities');
INSERT INTO Courses VALUES ('BMED 2250', 'Problems in Biomedical Engineering', 'Barbara Burks Fasse', 300, 'Community');
INSERT INTO Courses VALUES ('PUBP 3315', 'Environmental Policy and Politics', 'Alice Favero', 25, 'Sustainable Communities');
INSERT INTO Courses VALUES ('EAS 2803', 'Urban Forest', 'Monica Halka', 10, 'Sustainable Communities');
INSERT INTO Courses VALUES ('BIOL 1511', 'Honors Biological Principles; Honors Organismal Biology', 'Brian Hammer', 150, 'Sustainable Communities');
INSERT INTO Courses VALUES ('EAS 1600', 'Introduction to Environmental Science', 'Dana Hartley', 600, 'Community');
INSERT INTO Courses VALUES ('EAS 1601', 'Habitable Planet', 'Dana Hartley', 600, 'Community');
INSERT INTO Courses VALUES ('EAS 2750', 'Physics of the Weather', 'Dana Hartley', 30, 'Community');

INSERT INTO Courses VALUES ('LMC 2300', 'Introduction to Biomedicine and Culture', 'Anne Pollock', 30, 'Community');
INSERT INTO Courses VALUES ('LMC 3308', 'Environmentalism and Ecocriticism', 'Thomas Crawford', 30, 'Sustainable Communities');
INSERT INTO Courses VALUES ('CEE 4300', 'Environmental Engineering Systems', 'Sotira Yiacoumi', 60, 'Sustainable Communities');
INSERT INTO Courses VALUES ('CEE 4350', 'Environmental Techology in the Developing World', 'Joseph Brown', 10, 'Community');
INSERT INTO Courses VALUES ('CEE 4620', 'Environmental Impact Analysis', 'Randall L Guensler', 60, 'Sustainable Communities');
INSERT INTO Courses VALUES ('EAS 2420', 'Environmental Measures', 'Michael Eppard Chang', 30, 'Community');
INSERT INTO Courses VALUES ('CHEM 4521', 'Biophysical Chemistry', 'Bridgette Barry', 36, 'Sustainable Communities');
INSERT INTO Courses VALUES ('CHEM 4511', 'Biochemistry I', 'Raquel Lieberman', 135, 'Community');
INSERT INTO Courses VALUES ('CHEM 4740', 'Atmospheric Chemistry','Dana E Hartley', 18, 'Sustainable Communities');
INSERT INTO Courses VALUES ('PHIL 3109', 'Engineering Ethics', 'Robert Rosenberger', 30, 'Community');
INSERT INTO Courses VALUES ('PHIL 3127', 'Science, Technology, and Human Values', 'Robert Rosenberger', 30, 'Community');
INSERT INTO Courses VALUES ('NRE 4404', 'Radiation Assessment and Waste Management', 'Paul Charp', 30, 'Sustainable Communities'); 


INSERT INTO CourseCategories VALUES ('ARCH 4803', 'computing for good');
INSERT INTO CourseCategories VALUES ('ARCH 4803', 'doing good for your neighborhood');
INSERT INTO CourseCategories VALUES ('BMED 2250', 'computing for good');
INSERT INTO CourseCategories VALUES ('BMED 2250', 'doing good for your neighborhood');
INSERT INTO CourseCategories VALUES ('PUBP 3315', 'urban development' );
INSERT INTO CourseCategories VALUES ('PUBP 3315', 'sustainable communities');
INSERT INTO CourseCategories VALUES ('EAS 2803', 'urban development');
INSERT INTO CourseCategories VALUES ('EAS 2803', 'sustainable communities');
INSERT INTO CourseCategories VALUES ('BIOL 1511', 'sustainable communities');
INSERT INTO CourseCategories VALUES ('EAS 1600', 'urban development' );
INSERT INTO CourseCategories VALUES ('EAS 1600', 'sustainable communities');
INSERT INTO CourseCategories VALUES ('EAS 1601', 'urban development');
INSERT INTO CourseCategories VALUES ('EAS 1601', 'sustainable communities');

INSERT INTO CourseCategories VALUES ('LMC 2300', 'collaborative action');
INSERT INTO CourseCategories VALUES ('LMC 3308', 'sustainable communities');
INSERT INTO CourseCategories VALUES ('CEE 4300', 'collaborative action');
INSERT INTO CourseCategories VALUES ('CEE 4300', 'technology for social good');
INSERT INTO CourseCategories VALUES ('CEE 4350', 'technology for social good');
INSERT INTO CourseCategories VALUES ('CEE 4350', 'urban development');
INSERT INTO CourseCategories VALUES ('CEE 4620', 'doing good for your neighborhood');
INSERT INTO CourseCategories VALUES ('CEE 4620', 'computing for good');
INSERT INTO CourseCategories VALUES ('EAS 2420', 'collaborative action'); 
INSERT INTO CourseCategories VALUES ('CHEM 4521', 'reciprocal teaching and learning');
INSERT INTO CourseCategories VALUES ('CHEM 4511', 'sustainable communities');
INSERT INTO CourseCategories VALUES ('CHEM 4740', 'collaborative action');
INSERT INTO CourseCategories VALUES ('CHEM 4740', 'doing good for your neighborhood');
INSERT INTO CourseCategories VALUES ('PHIL 3109', 'doing good for your neighborhood');
INSERT INTO CourseCategories VALUES ('PHIL 3127', 'reciprocal teaching and learning');
INSERT INTO CourseCategories VALUES ('NRE 4404', 'sustainable communities');

INSERT INTO Projects VALUES ('Excel Peer Support Network', 'Marnie Williams', 'mw@gatech.edu', 60, 'Excel (www.excel.gatech.edu) is a four-year, dual certificate program for students with intellectual and developmental disabilities. The Peer Support Network is designed to provide the individualized support necessary for Excel students to thrive at Georgia Tech.', 'Community', 'Computer Science', 'Senior', NULL);
INSERT INTO Projects VALUES ('ESW Hydroponics/Urban Farming Project', 'Nicole Kinnard', 'nk@gatech.edu', 7, 'The Hydroponics/Urban Farming Project experiments with different ways to grow produce in urban areas using limited space and water resources. We investigate both soil-based and hydroponic methods of growing in order to find the most efficient, economically viable, and environmentally sustainable way to grow produce in Atlanta.', 'Sustainable Communities', NULL, 'Junior', NULL);
INSERT INTO Projects VALUES ('Excel Current Events', 'Ashley Bidlack', 'ab@gatech.edu', 15, 'Excel Current Events is a participation (not for credit) course for degree-seeking students who are interested in developing their communication skills in conversations with adults with intellectual and developmental disabilities.', 'Community', NULL, 'Senior', 'Computing');
INSERT INTO Projects VALUES ('Shakespeare in Prison Project', 'Sarah Higinbotham', 'sh@gatech.edu', 20, 'As the world celebrates the 400th anniversary of Shakespeare’s death in 2016, Georgia Tech students will travel to a high-security men’s prison outside Atlanta to discuss Shakespeare with incarcerated students.', 'Community', NULL, NULL, 'Design');
INSERT INTO Projects VALUES ('Know Your Water Project', 'Neha Kumar', 'nk2@gatech.edu', 10, 'This project will allow students to be part of a large, crowd-sourced study – at little cost to themselves – to contribute to a knowledge bank of how different communities treat and track their water quality. If you are interested in participating in this study, please let us know.', 'Sustainable Communities', 'Computer Science', 'Senior', NULL);
INSERT INTO Projects VALUES ('Epic Intentions', 'Yeji Lee', 'yl@gatech.edu', 20, 'Epic Intentions connects an interdisciplinary team of students with a local nonprofit to apply technical skills for social and civic good to help make the nonprofits make a greater impact in the community.', 'Community', NULL, NULL, NULL);

INSERT INTO Projects VALUES ('Sustainable Aquaponic Systems', 'Yongsheng Chen','yongsheng.chen@ce.gatech.edu', 12, 'To collaborate with Atlanta''s military veterans to build sustainable food systems by effectively recycling the nutrients in food waste through algae to fuel aquaponic systems and cure food desets in Atlanta.', 'Sustainable Communities', 'Civil Engineering', NULL, NULL);
INSERT INTO Projects VALUES ('Aquabots: Maritime Robotics', 'Mick West', 'mick.west@gtri.gatech.edu', 16, 'The goal of this team will be to address new research in maritime robotics including navigation of underwater and surface vehicles, mapping and exploration underwater, and other challenging maritime robotic technologies.','Community', NULL, 'Junior', 'Engineering');
INSERT INTO Projects VALUES ('BioBots', 'Todd Sulchek', 'todd.sulchek@me.gatech.edu', 20, 'Create autonomous microrobots that can traverse biological barriers within the body by mimicking microorganisms.', 'Community', 'Mechanical Engineering', NULL, 'Engineering');
INSERT INTO Projects VALUES ('EcoCAR Collegiate Competition Team', 'David Taylor','david.taylor@gatech.edu', 24,'Stimulate the development of advanced vehicle technologies that reduce the overall impact of transportation on the environment, by designing, building and refining an automotive alternative fuel vehicle that reduces energy consumption, greenhouse gas emissions and criteria tailpipe emissions, while maintaining consumer acceptability, performance, utility and safety.','Sustainable Communities',NULL, 'Senior', 'Engineering');
INSERT INTO Projects VALUES ('Engineering for Social Innovation', 'Joy Harris','joyelle.harris@ece.gatech.edu', 16,'Use engineering design and development skills for solving social problems and meeting social needs. A collection of ongoing projects are selected from corporate and non-profit organizations. All projects aim to improve the lives of the under-privileged domestic population or people at the bottom of pyramid in the developing world. ESI team members can also propose projects that help organizations which are aligned with their passion. Projects include hardware and software development, app development, and engineering education to eradicate social problems like unclean water supplies; starvation and malnutrition in infants and small children; and lack of education for women and girls in the developing world.', 'Community', NULL, NULL, "Engineering");
INSERT INTO Projects VALUES ('GTRI Agricultural Robotics', 'Ai-Ping Hu','ai-ping.hu@gtri.gatech.edu', 12, 'Robotics has the potential to revolutionize inspection and harvesting tasks on commodity farms (corn, soybeans) and high-value specialty farms (fruits, nuts).  This is true from the standpoints of: labor, economics, early disease detection, and crop assessment. Specialty farms stand to benefit the most because their crops presently require a lot of manual labor to tend and to ensure health; many aspects of commodity farms have already been mechanized/automated.  This team will have as its goal leveraging recent advances in robotics to improve agricultural processes. Its emphasis will be on fielding functional devices/systems.', 'Sustainable Communities', NULL, NULL, NULL);
INSERT INTO Projects VALUES ('M.A.R.S: Martian Advanced Renewable Systems', 'Kevin Caravati', 'kevin.caravati@gtri.gatech.edu', 14, 'NASA, Georgia Tech and GTRI are developing energy technologies to support future missions to Mars. The VIP M.A.R.S. Team will research, develop and test renewable energy systems in collaboration with scientists and engineers at NASA’s Kennedy Space Center in Florida. The Moon and Mars offer difficult challenges to NASA’s ambitious plan for exploration, including acquisition of reliable and renewable energy, functional designs for extreme heat and cold, food production strategies, and dust mitigation. The goal of this team will be to address new applications for energy systems in extreme environments relating to energy generation, storage, and efficient use in Martian habitats.', 'Sustainable Communities', NULL, 'Sophomore', 'Sciences');
INSERT INTO Projects VALUES ('Rock Damage Modeling and Energy Geostorage Simulation', 'Chloé Arson', 'chlars@gatech.edu', 16,'Predict soil & rock THCM behavior during heat and fluid injection and extraction, design new geomaterials to optimize the fuel cycle, and recommend strategies for resource and waste management. To build demonstration experimental set ups, to develop graphical media and to archive simulations ready for use in soil mechanics undergraduate course and geomechanics graduate courses.', 'Sustainable Communities', NULL, NULL, NULL);
INSERT INTO Projects VALUES ('Solar Decathlon', 'Cassandra Telenk', 'ctelenk@gatech.edu', 14, 'Design, build, and continually refine a 1000 sq. foot modular solar home designed to be energy positive and encourage sustainable user habits over time. The home will be entered in the DOE’s series of Solar Decathlon competitions, and will focus on interconnecting the house’s systems and understanding and modeling user behavior through an Internet of Things.', 'Sustainable Communities', NULL, 'Junior', 'Engineering'); 
INSERT INTO Projects VALUES ('STEMcomm', 'Jennifer Leavey' ,'jleavely@gatech.edu', 8, 'To write, design, and create works that will increase society’s love for science.', 'Community', NULL, NULL, NULL);
INSERT INTO Projects VALUES ('Big Data and Quantum Mechanics', 'Andrew Medford', 'amedford@gatech.edu', 12, 'Leverage advances in machine learning and data analytics to enable faster and more accurate calculations of chemical properties using quantum-mechanical techniques such as density functional theory (DFT).', 'Community', 'Computer Science', NULL, 'Computing');
INSERT INTO Projects VALUES ('Bee-Snap', 'Polo Chau', 'pchau@gatech.edu', 13, 'To collect and analyze big data about bee-flower interactions on the Georgia Tech campus and beyond to inform property owners and policy makers about how land use can support pollinator health.', 'Community', 'Computer Science', NULL, 'Computing');
INSERT INTO Projects VALUES ('Big Data Analytics for Public and Private Enterprises', 'Eric Wearne', 'ewearne@gatech.edu', 10, 'Observers say we are in or entering the Age of Information, the Era of Transformation, and/or the Second Industrial Revolution. All transformation occurs because decision-makers have new information and can visualize and analyze it in ways that facilitate transformative decision-making.  New techniques especially enhance analysis for lean approaches in new ventures and innovative pathways.  Our VIP team will develop and organize large and unstructured data bases and build platforms for analysis, prototyping and testing user dashboards, simulations, and digitization strategies.  Dashboards, simulations and strategies will enhance economic and financial decision making and measurably increase the economic value of public or private enterprises.', 'Community', NULL, 'Sophomore', NULL);
INSERT INTO Projects VALUES ('Concussion Connect', 'Michelle LaPlaca', 'mlaplaca@gatech.edu', 18, 'Examine the problem of concussion from a multidisciplinary view that includes neuroscience, clinical assessment, sports engineering, health informatics, and societal issues.' ,'Community', NULL, NULL, NULL);

INSERT INTO ProjectCategories VALUES ('Excel Peer Support Network', 'computing for good');
INSERT INTO ProjectCategories VALUES ('Excel Peer Support Network', 'doing good for your neighborhood');
INSERT INTO ProjectCategories VALUES ('Excel Peer Support Network', 'reciprocal teaching and learning');
INSERT INTO ProjectCategories VALUES ('ESW Hydroponics/Urban Farming Project', 'urban development');
INSERT INTO ProjectCategories VALUES ('ESW Hydroponics/Urban Farming Project', 'sustainable communities');
INSERT INTO ProjectCategories VALUES ('Excel Current Events', 'computing for good');
INSERT INTO ProjectCategories VALUES ('Excel Current Events', 'doing good for your neighborhood');
INSERT INTO ProjectCategories VALUES ('Excel Current Events', 'reciprocal teaching and learning');
INSERT INTO ProjectCategories VALUES ('Excel Current Events', 'technology for social good');
INSERT INTO ProjectCategories VALUES ('Shakespeare in Prison Project', 'urban development');
INSERT INTO ProjectCategories VALUES ('Shakespeare in Prison Project', 'sustainable communities');
INSERT INTO ProjectCategories VALUES ('Know Your Water Project', 'sustainable communities');
INSERT INTO ProjectCategories VALUES ('Know Your Water Project', 'crowd-sourced');
INSERT INTO ProjectCategories VALUES ('Epic Intentions', 'doing good for your neighborhood');
INSERT INTO ProjectCategories VALUES ('Epic Intentions', 'collaborative action');

INSERT INTO ProjectCategories VALUES ('Sustainable Aquaponic Systems', 'sustainable communities');
INSERT INTO ProjectCategories VALUES ('Aquabots: Maritime Robotics', 'technology for social good');
INSERT INTO ProjectCategories VALUES ('Aquabots: Maritime Robotics', 'collaborative action');
INSERT INTO ProjectCategories VALUES ('BioBots', 'collaborative action');
INSERT INTO ProjectCategories VALUES ('BioBots', 'computing for good');
INSERT INTO ProjectCategories VALUES ('BioBots', 'adaptive learning');
INSERT INTO ProjectCategories VALUES ('EcoCAR Collegiate Competition Team', 'collaborative action');
INSERT INTO ProjectCategories VALUES ('EcoCAR Collegiate Competition Team', 'reciprocal teaching and learning');
INSERT INTO ProjectCategories VALUES ('Engineering for Social Innovation', 'crowd-sourced');
INSERT INTO ProjectCategories VALUES ('Engineering for Social Innovation', 'doing good for your neighborhood');
INSERT INTO ProjectCategories VALUES ('GTRI Agricultural Robotics', 'sustainable communities');
INSERT INTO ProjectCategories VALUES ('M.A.R.S: Martian Advanced Renewable Systems', 'collaborative action');
INSERT INTO ProjectCategories VALUES ('Rock Damage Modeling and Energy Geostorage Simulation', 'urban development');
INSERT INTO ProjectCategories VALUES ('Solar Decathlon', 'sustainable communities');
INSERT INTO ProjectCategories VALUES ('Solar Decathlon', 'collaborative action');
INSERT INTO ProjectCategories VALUES ('STEMcomm', 'doing good for your neighborhood');
INSERT INTO ProjectCategories VALUES ('Big Data Analytics for Public and Private Enterprises', 'crowd-sourced');
INSERT INTO ProjectCategories VALUES ('Concussion Connect', 'collaborative action');
INSERT INTO ProjectCategories VALUES ('Bee-Snap', 'adaptive learning');
INSERT INTO ProjectCategories VALUES ('Bee-Snap', 'crowd-sourced');
INSERT INTO ProjectCategories VALUES ('Big Data and Quantum Mechanics','reciprocal teaching and learning');
INSERT INTO ProjectCategories VALUES ('Big Data and Quantum Mechanics', 'collaborative action');

INSERT INTO Users VALUES('adevadas', 'Lion21', 1);
INSERT INTO Users VALUES('aeubanks', 'Tiger46', 1);
INSERT INTO Users VALUES('seanlu','Leopard19', 1);
INSERT INTO Users VALUES('olliefoo', 'Feline001', 1);
INSERT INTO Users VALUES('somOne', 'HouseCat107', 1);

INSERT INTO Users VALUES('jcalhoun', 'Golden',0);
INSERT INTO Users VALUES('jadams', 'Rouge', 0);
INSERT INTO Users VALUES('tjefferson', 'Vert', 0);
INSERT INTO Users VALUES('aburr', 'Gray', 0);
INSERT INTO Users VALUES('gclinton', 'Green',0);
INSERT INTO Users VALUES('egerry', 'Red',0);
INSERT INTO Users VALUES('dtompins', 'Black',0);
INSERT INTO Users VALUES('MartinVanBuren', 'Noir',0);
INSERT INTO Users VALUES('rMjohnson', 'Gris',0);
INSERT INTO Users VALUES('JTyler21', 'Grey',0);
INSERT INTO Users VALUES('GmDallas', 'Jaune', 0);
INSERT INTO Users VALUES('MFillmore', 'Bleu',0);
INSERT INTO Users VALUES('wRKing', 'Blue',0);
INSERT INTO Users VALUES('JohnCB', 'Violet',0);
INSERT INTO Users VALUES('HanHam', 'Teal',0);
INSERT INTO Users VALUES('AndrJohn', 'Olive',0);
INSERT INTO Users VALUES('SchCol', 'Merigold',0);
INSERT INTO Users VALUES('HenWil', 'White',0);
INSERT INTO Users VALUES('WilAW', 'Pink',0);
INSERT INTO Users VALUES('carthur', 'Purple',0)

INSERT INTO Students VALUES('jcalhoun','jc@gatech.edu', 'Sophomore', NULL);
INSERT INTO Students VALUES('jadams', 'jadams@gatech.edu', 'Freshman', 'Chemistry');
INSERT INTO Students VALUES('tjefferson', 'Tom@outlook.com', NULL, NULL);
INSERT INTO Students VALUES('aburr', 'ab@gmail.com', NULL, 'Applied Mathematics');
INSERT INTO Students VALUES('gclinton', 'gs32@gmail.com', NULL, NULL);
INSERT INTO Students VALUES('egerry', 'Reggy@gmail.com', 'Junior', 'Civil Engineering');
INSERT INTO Students VALUES('dtompins', 'dt@gatech.edu', 'Senior', 'Industrial Design');
INSERT INTO Students VALUES('MartinVanBuren', 'MartinVB41@outlook.com', NULL, NULL);
INSERT INTO Students VALUES('wRKing', 'wRKing182@gmail.com', NULL, NULL);
INSERT INTO Students VALUES('GmDallas', 'GDallas31@gatech.edu', NULL, 'Biology');
INSERT INTO Students VALUES('rMjohnson', 'rMJ@gatech.edu', NULL, 'Industrial Engineering');
INSERT INTO Students VALUES('JTyler21', 'JTyler@gatech.edu', NULL, 'Applied Physics');
INSERT INTO Students VALUES('MFillmore', 'MFillmore@gatech.edu', 'Sophomore', 'Applied Mathematics');
INSERT INTO Students VALUES('JohnCB', 'JohnC213@gmail.com', 'Senior', 'History, Technology, and Society');
INSERT INTO Students VALUES('HanHam', 'Ham@outlook.com', 'Junior', 'Public Policy');
INSERT INTO Students VALUES('AndrJohn', 'Ajohn@gmail.com', NULL, 'Materials Science and Engineering');
INSERT INTO Students VALUES('SchCol', 'SC@gatech.edu', 'Sophomore', 'International Affairs and Modern Languages');
INSERT INTO Students VALUES('HenWil', 'HenWil@gatech.edu', 'Junior', 'Architecture');
INSERT INTO Students VALUES('WilAW', 'WilAW@outlook.com', 'Senior', 'Computer Science');
INSERT INTO Students VALUES('carthur', 'cartur@gmail.com', NULL, 'Biochemistry');
INSERT INTO StudentProjectApplications VALUES ('egerry','Sustainable Aquaponic Systems', 'Accepted', '2013-12-02');
INSERT INTO StudentProjectApplications VALUES( 'aburr','Epic Intentions','Pending', '2014-01-29');
INSERT INTO StudentProjectApplications VALUES('dtompins', 'Shakespeare in Prison Project', 'Rejected', '2012- 02- 13');
INSERT INTO StudentProjectApplications VALUES('dtompins', 'STEMcomm', 'Accepted', '2012-02-13');
INSERT INTO StudentProjectApplications VALUES('WilAW','Big Data and Quantum Mechanics', 'Accepted', '2013-05-12');
INSERT INTO StudentProjectApplications VALUES('HanHam', 'Concussion Connect', 'Pending', '2015-11-03');
INSERT INTO StudentProjectApplications VALUES('HanHam','STEMcomm',  'Rejected','2015-10-13');
INSERT INTO StudentProjectApplications VALUES("HenWil", "Shakespeare in Prison Project", "Accepted", "2016-03-23");
